bedrooms,sqft_living,price
3,1340,313000
5,3650,2384000
3,1930,342000
3,2000,420000
4,1940,550000
2,880,490000
2,1350,335000
4,2710,482000
3,2430,452500
4,1520,640000
3,1710,463000
4,2920,1400000
3,2330,588500
3,1090,365000
5,2910,1200000
3,1200,242500
3,1570,419000
4,3110,367500
3,1370,257950
3,1180,275000
3,2240,750000
4,1450,435000
3,1750,626000
4,2730,612500
4,1600,495000
3,2090,285000
3,2360,615000
4,2200,698000
5,2820,675000
3,2600,790000
4,1560,382500
4,2860,499950
4,1820,650000
4,2820,625000
4,3630,400000
3,3240,604000
2,800,440000
3,1850,287200
3,1960,403000
3,2390,750000
3,1580,335000
4,1480,260000
2,850,308500
3,1770,439950
2,1210,235000
3,1160,315000
3,1970,437500
3,1930,407500
3,1270,445700
4,3310,838000
4,2710,630000
3,2910,550000
3,2710,805000
3,1800,284000
5,2210,470000
4,1920,430000
4,2190,491500
5,3660,785000
3,1320,385000
2,1630,295000
4,3310,555000
3,2680,459990
4,2730,625000
3,2540,300000
4,2920,625000
2,900,553000
3,1650,379880
3,1010,310000
2,2680,775000
3,2200,365000
4,2530,331950
3,2850,783500
4,2280,628000
3,1900,560000
3,1330,900000
2,1270,531000
4,2170,831000
4,2730,780000
4,2120,755000
3,2490,705380
4,1990,627000
4,3690,865000
2,2540,580000
3,1800,410000
4,2340,485000
2,2110,400000
2,1140,549000
3,1480,620000
2,1410,405000
2,1200,232000
5,3180,800866
3,2160,650000
6,2920,823000
3,2350,770000
3,1560,524000
5,2740,541125
3,1680,670000
5,3090,384900
3,1410,406100
5,4010,1395000
4,3180,736500
3,2010,570000
3,1330,787000
4,2370,328000
5,1840,435000
4,2910,499000
4,2070,501000
4,4340,1090000
2,840,400000
4,1240,220000
4,1390,657100
4,2310,309950
3,1050,300000
5,2550,525888
4,2010,740000
5,1120,340000
3,2230,398750
2,810,206000
5,3190,1030000
3,1670,600000
4,1970,379950
3,1450,287000
7,13540,2280000
3,1880,309950
3,1880,600000
3,1410,418000
4,1480,449250
2,1140,329950
3,1920,245000
4,2910,549000
3,3240,800000
3,1550,249950
5,2050,210000
2,2220,1425000
2,1770,585000
4,2300,615000
3,1800,618500
4,2010,487585
3,1790,509900
4,2440,631625
3,1940,555000
2,1160,340000
4,3400,830000
4,4420,890000
3,1571,366750
3,1620,415000
3,1408,416286
3,3040,478000
5,4490,890000
2,1590,419190
4,2450,712198
4,1440,397000
2,1100,450000
3,1350,353000
4,2150,609000
3,1490,234000
3,2000,561000
2,1030,469000
2,720,329350
5,2020,488000
3,1580,279900
4,2110,606000
4,1300,312000
3,1630,650000
4,3370,1135000
4,1890,325000
4,1520,425000
2,900,219000
3,1050,250000
3,1260,390000
6,3470,475000
4,2290,736000
4,2810,407000
3,1650,272000
3,1640,362000
3,1850,535000
4,2000,284000
3,1410,367500
4,1500,379900
3,2460,520000
3,1010,175000
2,1230,460000
4,2331,345000
5,2240,455000
4,2450,610000
4,3100,563000
4,2060,612500
3,1850,218000
4,1840,404000
4,3740,860000
3,1420,136500
3,1510,313950
3,2130,575000
4,3490,1225000
3,1630,280000
3,1790,515000
4,2000,513000
4,2260,599000
4,3030,685000
3,1310,365000
4,3880,762300
4,3760,1580000
5,3040,562000
5,2910,530000
3,2970,525000
2,1660,484000
4,3200,725126
4,2680,360000
3,1230,387000
4,2740,483500
4,3380,655500
3,1110,345000
5,1800,533000
3,1900,385000
2,930,675000
3,1690,197000
3,1420,485000
5,4510,1870000
3,1980,295000
2,1170,499000
3,2200,1050000
3,800,191000
3,1480,500000
5,2890,390000
3,2690,979000
4,3569,580000
3,1270,369950
5,4490,1800000
4,3040,776000
3,1170,519950
5,2060,255000
3,990,495000
4,2430,510000
4,4460,1150000
3,1250,253000
3,1540,503000
3,1600,275000
3,1110,249000
3,1840,310000
3,2520,750000
3,2680,630000
9,3830,599999
4,2410,758000
4,1720,248500
3,2070,310000
3,1760,460000
3,1680,675000
2,1550,526000
3,4120,560000
4,1830,415000
3,1400,246000
3,1870,314500
7,6210,3200000
2,1040,420000
3,2720,535000
3,1010,350000
3,1580,515000
4,2600,749950
3,1920,230000
3,2350,568000
1,1100,250000
4,2510,581000
3,3240,651000
3,2460,600000
2,1010,500000
2,820,475000
5,2420,352000
3,1770,420000
2,1350,428000
3,1960,599000
4,3305,492000
2,2550,630000
5,4130,900000
4,2310,1110000
4,1650,575000
4,2650,705000
4,1890,940000
3,2190,313000
3,2030,618080
3,2270,640000
3,1610,485000
2,760,300000
2,1640,379500
3,1630,339950
6,3560,1500000
3,2960,1340000
3,1940,500000
3,1410,239900
3,1040,314950
2,820,361280
2,910,100000
7,3700,540000
4,2180,480500
3,1600,280000
3,1500,440000
3,1340,530000
3,1860,560000
3,2540,775000
2,1040,160000
3,1380,209950
3,1640,226500
5,3000,380000
4,2140,409500
3,1760,690000
3,1660,405000
3,1830,375000
4,2210,794154
4,1490,185000
3,1260,245000
5,4270,1532500
4,3900,1040000
2,1150,425000
4,2656,495000
5,2410,365000
3,1606,417250
2,820,339950
2,1540,615000
3,2090,403000
5,3160,980000
4,1730,258000
3,1670,533000
4,2550,537500
5,3040,830000
3,1250,712000
4,2020,262000
4,2660,753888
2,980,134000
3,1960,402000
2,720,205000
2,1360,553650
2,1870,559950
4,2130,260000
4,1810,270000
2,2200,295000
3,1690,719000
3,1940,266000
4,2320,325900
4,2060,647500
4,3410,1039000
4,2250,569000
3,1390,246000
2,1060,515000
3,1490,207000
4,2480,780000
5,2440,489990
3,2240,335000
3,1920,295000
3,1890,385000
4,2250,350000
2,1270,235000
2,960,358000
4,3290,716500
4,2000,228000
2,1020,405000
4,1840,538000
3,1980,530000
6,3510,1750000
2,1230,636000
4,2280,535000
3,2430,1500000
3,2920,868500
4,2280,530000
3,1510,450000
3,950,230000
3,1190,229000
3,1310,437000
5,2800,1307000
3,1750,595000
3,1320,660000
4,2460,347500
3,1240,297950
3,1260,245000
6,2820,543200
4,3820,1250000
3,1540,413450
2,1550,330000
3,1460,424500
3,1390,230000
3,2640,930000
3,1590,349000
4,1910,835000
3,2015,988500
3,1410,500000
2,1110,499000
2,860,321950
3,2310,494000
2,1020,441750
2,980,438000
4,4230,985000
3,1640,352000
4,3810,839900
4,2790,765000
4,1750,460000
4,1430,224500
3,1850,254000
2,960,255000
3,2480,610000
4,3750,920000
4,2600,402500
3,1390,280950
4,2260,604000
4,2470,565000
2,810,255000
4,1650,445000
3,3000,2400000
2,720,195000
3,1390,275000
3,1445,387000
2,1840,490000
3,2100,505000
3,1060,303500
3,1500,270000
4,1970,323000
3,1410,382000
4,3720,1370000
4,2190,280000
3,1920,260000
3,1160,201500
4,5860,1157200
4,2000,536500
4,2163,248000
5,3480,532000
4,2840,580000
2,1150,463000
4,3100,742500
3,1420,260000
4,2430,590000
4,1930,312000
3,1660,566000
3,1400,511555
4,2660,583000
4,2000,290000
4,2130,311100
3,1352,325000
3,1750,491300
5,2320,315000
2,1420,360000
4,1940,330000
3,1410,481450
3,1360,234950
3,1220,251000
4,2830,782000
4,3780,833000
4,2330,542500
3,3560,851000
4,1470,325000
4,3060,415000
3,1030,252500
4,1930,465000
3,1780,336900
3,2000,225000
3,1690,270000
5,5190,1702500
3,1300,536000
4,2400,585000
2,1150,445000
4,2310,320000
4,2730,769900
4,2840,557000
2,1020,212000
3,1340,376000
4,3540,800000
5,7270,2238888
3,998,324000
5,3060,549900
3,2130,320000
4,2520,875000
4,1940,265000
3,1350,394950
4,2160,842500
3,1370,368000
4,5420,1225000
4,2830,885000
3,2010,453246
4,3300,927000
2,1230,490000
3,1720,341000
1,810,235000
3,1560,1200000
3,2560,560000
4,4700,900000
2,1220,255000
5,3650,1575000
3,2170,876650
4,2540,540000
2,910,350000
4,2980,750000
4,2120,582000
4,3460,1315000
5,2480,372500
3,2200,410000
4,1730,360000
3,2920,1015000
3,990,225000
4,3040,647000
5,4530,950000
3,1370,185000
3,1940,335000
3,1040,210000
4,1800,522000
3,1720,770000
3,980,499950
4,3110,751000
5,2100,330000
3,2020,465000
4,2350,850000
4,3290,947500
5,2180,302000
2,1290,500000
3,1460,201000
2,1290,265000
4,2350,870300
3,1080,339000
4,2670,690000
4,3680,788000
3,1440,315275
4,1940,505000
3,1280,368000
3,2980,947500
3,970,156000
4,2110,610000
2,1480,420000
2,700,192000
3,2700,910000
4,2330,1300000
5,3380,1346400
4,2600,840000
2,1360,300000
4,2780,505000
3,1250,110000
3,2620,746000
3,1350,211000
4,2400,675000
4,2760,734200
4,3070,1225000
2,2040,615000
4,1770,630000
4,3490,1264000
2,830,301500
2,980,369000
3,1570,635000
4,3270,1033888
4,2160,383000
4,3280,1050000
4,3360,455000
5,3150,819900
3,1810,625000
4,2740,651000
5,3830,480000
3,3190,757000
3,2350,460000
4,2510,267345
2,1680,530000
3,1770,449500
3,1090,289000
5,3001,373000
5,2450,525000
3,3610,777000
4,2250,550000
3,1240,523000
4,2260,628000
4,2090,581000
5,2020,245000
3,1960,415000
5,3120,1895000
3,1250,225000
3,1490,287000
6,2890,799200
3,1900,239950
3,1680,591000
3,2030,700000
4,3740,475000
3,1580,575000
3,1780,771000
2,910,155000
7,3440,550000
3,1740,645000
5,3400,464000
4,4400,1050000
3,2010,350000
4,2710,591000
4,5300,2555000
3,1310,717000
4,1950,225000
3,1040,225000
3,1090,345000
2,650,230000
3,1480,385000
2,790,90000
4,3560,860000
4,3000,675000
4,3490,975000
3,2340,780000
3,1650,370000
3,1940,665000
5,3410,675000
3,1710,620000
4,2740,1105000
3,1250,450000
3,2450,450000
3,1690,530000
4,1950,635000
5,2290,580000
5,3370,1550000
3,1090,285000
3,1190,375000
5,3530,1400000
3,1440,560000
4,2180,405000
4,1410,413000
3,1950,287600
5,4860,1680000
3,1660,225000
3,1390,319000
3,1350,322500
3,1530,570000
3,1270,465000
4,2140,435000
4,2040,502000
3,2876,525000
3,1580,525000
4,3400,660000
4,3520,870000
4,2210,650000
4,2790,505000
3,1450,330000
4,1620,385000
3,1220,306000
3,2000,546000
4,2190,925000
4,1900,542000
3,1700,800000
5,2540,620000
2,1170,175000
5,5774,740000
3,2120,345000
3,2170,510000
4,2450,530000
2,700,155000
3,1780,266000
3,1850,257200
3,1570,265000
3,1290,372220
5,1700,337500
2,1159,582500
3,1850,489200
2,840,405100
3,1690,372977
3,1050,310000
3,1400,538000
3,2550,1400000
3,1840,317000
3,2360,702500
4,2240,565000
4,2700,723000
3,3030,766950
3,1830,682000
3,2220,325000
3,2090,543000
3,1600,525000
4,2010,364000
2,830,394475
4,2010,316000
3,1050,339950
4,2150,486000
3,860,160000
3,3100,930000
3,1100,139000
3,1830,562000
2,1250,299000
3,1820,511000
3,2090,499000
3,2100,356000
4,2310,470000
4,2060,715000
4,4470,1120000
3,1660,458000
5,3810,966000
3,2110,305495
2,2370,543000
3,1970,340000
4,2470,633100
3,1480,310000
5,2257,349950
2,700,267800
4,1630,234000
4,3430,740000
5,2220,607500
3,1340,223000
2,980,400000
3,2580,802000
4,2230,253000
4,2290,1058000
3,1260,300000
4,1680,625000
4,3200,707000
4,3320,950000
4,3040,420000
4,2270,498000
3,2910,450000
5,2510,955000
2,1240,215000
3,2580,437000
3,2470,773000
4,4910,1222500
3,1690,256883
4,2240,592500
3,1650,252350
4,2710,370000
3,1260,465750
3,1150,185000
4,2550,582800
3,1490,245000
4,2020,302000
2,1320,451555
3,1230,250000
4,2070,255000
4,2930,840000
3,1090,190000
3,1400,349950
4,1550,613000
3,1220,300000
3,1870,455000
3,2150,335000
3,980,197500
3,1490,412500
3,1120,395300
3,1180,342400
4,3240,749400
4,2150,316500
3,2240,390000
3,1400,225000
3,1980,550000
3,1330,280000
4,3200,1255000
2,1490,575000
5,3920,1000000
5,2000,585000
4,2680,620000
4,1670,204700
4,3150,695000
4,2740,689900
4,1890,375000
7,2870,475000
3,1160,215000
4,3550,2100000
3,1790,790000
3,1680,350000
3,4560,695000
3,1590,263000
3,1630,400000
3,2700,525000
3,1700,349950
4,3740,1085000
4,1980,744000
2,880,312500
3,1400,240000
4,2050,495000
3,2360,580050
4,2560,640000
3,1340,417000
3,1060,174950
3,850,295000
4,1880,423000
3,1230,839000
4,2290,343000
3,1660,467000
3,1840,512500
4,3020,575000
3,1410,465000
3,1010,270000
3,1960,340000
5,3580,765000
4,2240,497000
4,3310,803100
3,1232,344000
4,3930,828950
3,1720,386380
3,1490,312000
3,3150,720000
4,3950,914500
5,3030,819995
2,1070,252700
3,2320,437500
1,700,350000
3,2720,619000
3,1800,408200
3,1560,451000
3,1760,317000
4,3120,799000
2,2020,720000
3,1450,490000
4,1860,239900
4,2270,446000
3,1480,275000
5,1460,239950
4,1850,248000
3,2170,619500
3,1726,363750
3,1180,385000
4,1370,370000
3,2670,425000
3,1260,342000
4,1980,345000
3,2050,724800
5,2830,725000
2,910,605000
4,2440,350000
3,2180,785000
3,1900,250000
3,1520,565000
3,2220,875000
4,3280,862500
3,2740,400000
2,830,282613
2,1010,174500
3,2060,306500
3,1990,445000
4,2280,433000
3,1870,306000
3,1720,620000
2,870,245000
3,1020,238000
3,1260,523000
3,2370,522500
3,1000,180000
3,1100,375000
3,1440,249000
4,3120,730100
2,2260,551000
4,2790,375000
1,1140,540000
3,1290,605000
5,1730,205000
4,3160,645000
4,2340,314000
3,1170,330000
2,1160,490000
3,1970,445000
5,6490,2000000
3,1410,377500
4,2430,480000
5,3360,804995
3,1480,341000
5,3200,675000
3,2134,611000
3,1860,379950
4,5520,1270000
2,1310,500000
3,1700,410000
3,2480,415000
5,1970,297000
4,2060,575550
3,2130,534640
3,1410,352500
2,1360,488000
3,1940,732000
2,1610,215000
2,1420,592500
4,1700,290000
2,1490,475000
3,2680,320000
4,3190,1216000
5,2120,290000
4,1690,487250
4,1830,339000
2,1010,440000
4,2070,366500
3,1710,462000
4,1660,560000
4,2080,285000
3,1270,280000
3,1080,210000
3,1610,690000
2,1120,256500
4,2500,411000
3,970,215000
5,3370,762000
3,1290,359950
4,3370,480000
4,3410,1405000
4,2490,390000
2,770,413500
1,810,285000
4,3060,475000
3,1690,386591
3,1890,524950
2,1470,241000
2,1060,461000
4,3480,810000
4,2730,885000
3,1580,247000
3,2170,296500
2,930,141800
4,1580,333000
5,3290,602000
4,2110,565000
3,1670,373000
3,2030,588000
3,1500,485000
3,1450,482500
4,1310,251200
5,4180,869000
3,1630,464000
4,2660,755000
3,1720,280000
2,1260,485000
3,1610,305000
2,680,110700
4,2640,850000
3,1640,350000
4,2310,319950
3,2010,700000
2,1660,368000
3,2200,433500
4,2460,611000
2,2430,1000000
3,1370,307000
3,1800,442500
3,2200,485000
2,700,367000
3,1920,429000
5,2190,446000
3,2030,572500
3,1350,477000
3,1680,518000
5,1250,462000
4,2240,1190000
3,950,137000
3,2320,530000
2,2380,818000
2,1540,640000
5,2100,298450
4,2500,575000
4,3230,730000
3,2830,551000
2,870,271310
4,2690,675000
3,1260,479000
4,2680,520000
3,2660,599950
2,1480,483945
4,1770,390000
2,950,192500
2,860,330000
4,1960,250000
2,1770,243000
4,1280,575000
4,2150,639000
2,1790,710000
3,1990,675000
5,2430,405000
4,2820,615000
3,1910,490000
3,1270,467000
4,2050,480000
6,2150,755000
4,2450,760000
2,1230,387000
4,2260,925000
2,1050,415000
3,1570,263000
4,1820,519900
2,1540,570000
3,2060,450000
4,4380,1300000
3,1090,300000
3,1480,320000
4,1320,387500
1,2140,458000
4,4560,1212500
4,2800,380000
3,1050,200000
3,1490,385000
2,1730,396675
4,1210,452000
4,2800,426000
3,1570,792000
3,1400,315000
4,2850,1275000
6,1880,326000
2,790,268500
2,1300,440000
3,2120,300000
3,1540,525000
4,2620,978000
6,2880,1125000
4,1680,700000
2,790,315000
3,1092,309000
3,1650,219950
3,2090,289000
4,2180,210000
4,1990,260000
4,2650,699000
4,4460,1800000
3,910,299950
3,2770,749950
3,2390,1100000
3,3050,555000
3,1700,384000
5,3200,499950
3,1200,430000
4,2220,350000
3,2480,620000
4,2560,765000
4,2500,250000
2,1150,376000
4,1650,475000
3,1140,120750
3,3400,1690000
3,1180,330000
3,1700,619500
3,1240,345000
5,2890,598000
3,1060,335000
4,1590,372500
6,2860,300000
1,820,194000
3,2020,507500
4,1870,325000
3,2170,329900
4,1600,329000
4,2090,494000
4,1700,206000
4,1940,423000
3,1320,259000
4,3500,879950
5,2800,345600
3,1080,395000
4,3550,625000
3,2010,439000
3,1690,380000
3,1270,440000
3,1970,415000
4,3160,860000
3,1210,500000
4,3120,953007
4,2670,515000
3,1640,772000
4,2303,329995
3,1800,409316
5,4460,490000
2,1590,305000
4,3070,785000
2,1330,240000
3,990,325000
4,1900,535800
3,2020,720000
3,2000,374000
2,1100,189650
1,960,420850
4,3488,815000
2,1890,1065000
4,2030,199000
3,1380,195000
4,3660,1506000
3,1870,288400
4,2080,442000
4,2450,619420
4,2750,635000
3,1240,210000
3,1900,512500
3,2540,567000
3,2100,525000
4,1790,475000
3,1170,250000
3,1060,220000
5,1930,230000
3,1540,385500
5,2876,895000
3,2150,368250
2,1140,249900
3,980,350000
3,1230,175000
3,1390,270000
3,2380,495000
3,3690,1580000
5,3010,542500
3,1250,330000
4,2290,1003000
2,790,299800
3,2720,299900
4,2550,691000
2,1080,195000
3,2470,405000
2,850,360000
3,1990,256750
3,1800,332500
5,4850,975000
3,1020,218000
3,2420,429000
4,2910,589000
3,1060,255000
4,2340,668750
4,1800,344500
4,1660,452000
3,1300,540000
3,1780,246000
2,1030,535000
4,2790,970000
3,1150,430000
4,3290,520000
4,3400,712000
2,1200,450000
4,2160,220000
3,1450,525000
4,3240,1220000
3,1470,540000
4,2360,600000
3,2230,600000
4,2630,625000
3,1010,150000
3,1445,389999
3,2380,285000
4,2830,744000
4,3010,700000
4,2000,318989
3,2020,556000
3,2030,275000
3,2550,430000
2,970,300000
3,1540,396450
2,1396,225000
4,2780,700000
6,2220,260000
4,2350,655000
3,2760,1185000
3,4460,1550000
3,1440,413800
5,5330,950000
4,2220,334990
5,5305,2700000
3,3880,1030000
4,3810,1130000
3,1960,556000
3,1530,360000
4,3250,480000
3,1750,324000
4,3440,1050000
1,1170,275000
3,870,180000
4,2930,749000
3,3160,1600000
2,800,373500
4,2350,770000
2,1060,356000
3,2060,625000
2,1560,494400
4,3000,585000
3,1660,926300
3,1650,600000
4,3220,430000
3,2320,307000
4,2750,604700
3,910,219900
2,840,270000
3,1470,432000
6,2040,300000
3,1100,361000
2,940,249950
3,1110,320000
4,2200,305000
2,2860,503000
2,740,235750
4,2740,657000
3,1250,385000
4,3140,389950
2,820,150000
4,2570,254500
4,2350,555000
4,3600,1075000
4,1580,245000
2,1070,319950
3,1070,337000
4,1640,492000
3,2890,1170000
3,1220,348580
2,1400,180000
3,1040,400000
4,980,295000
4,3340,910000
6,6040,1150000
3,1900,431500
4,1740,180000
3,2000,677000
3,1610,1180500
4,3240,635700
5,2230,482000
2,1160,168000
4,2410,805000
2,590,398000
4,2600,665000
4,2170,592500
4,2080,940000
4,2860,655000
4,2980,622500
2,1230,380000
4,2260,648360
3,2200,432000
4,3030,1050000
2,1060,353250
4,4260,1000000
3,998,320000
4,2052,349900
4,3150,330000
3,1950,408000
3,1347,321000
4,3860,1051000
4,5060,2150000
3,1360,359000
5,2760,300000
5,2420,380000
3,2450,660000
3,1280,355000
3,1550,259000
1,550,353000
2,1520,430000
3,1670,460000
1,430,80000
4,2380,782000
3,960,218000
3,1920,325000
4,3680,980000
4,2530,902000
5,3840,556000
3,1240,662990
2,1300,225000
4,2380,439950
2,1300,175000
2,780,306000
4,1810,235000
3,2420,399500
3,1280,478000
2,1680,515000
3,2510,550000
3,1700,149000
3,1680,526000
1,820,527550
3,4380,1050000
3,2600,625000
5,3400,950000
5,2120,377691
4,2250,648475
3,1800,383000
3,2210,535000
3,1560,449950
4,2430,465425
4,2560,675000
3,1960,599000
3,1110,416000
2,1030,595000
4,1350,200000
3,1540,402000
4,1830,433000
4,1930,275000
3,1650,410000
4,3510,554820
4,3370,1325000
3,2390,735000
3,1230,607000
4,2830,549900
3,1620,258000
4,2290,661254
4,2840,945000
4,4220,799950
3,1080,132500
3,1620,467100
4,4390,1610000
3,1620,641000
3,1010,350000
4,1750,335000
3,4080,900000
4,2560,440000
3,1120,464600
4,4740,1200000
2,1340,300000
4,1590,670500
3,1430,552000
4,1450,244000
4,3500,788600
3,1630,445000
4,1814,530000
2,580,90000
3,1670,585000
2,1140,498000
2,800,379000
3,1300,462000
4,2440,388000
3,1490,255000
3,1800,665000
3,1830,550000
3,1500,606000
4,2210,334000
3,1270,360000
2,1140,235000
3,1620,580000
3,1220,355000
2,750,375000
4,1960,372000
3,1370,479000
5,4580,2000000
4,5584,1680000
2,1010,501000
3,1260,245000
3,1740,496700
4,2670,347000
2,720,199000
3,2460,440500
4,3670,820000
4,2630,325000
3,1570,195000
3,2980,675000
3,1560,295000
3,1620,355300
3,1140,276000
2,2730,460000
3,2130,880000
3,1780,370000
4,2100,346000
3,1140,172500
3,1690,379950
2,1160,468000
4,1720,477000
3,1210,529000
3,1255,312000
2,880,326100
3,1050,360000
3,1650,438000
3,1570,360000
4,2920,1050000
4,3000,688000
3,1850,585000
3,1440,265000
3,1440,375000
3,1810,326500
2,1180,160000
4,3070,1570000
5,3390,735000
2,1470,400000
4,2680,800000
4,2290,949880
3,1980,405000
4,2870,399000
3,1840,730001
4,4060,1795000
3,1630,260000
2,1880,751750
3,1780,325000
4,2330,344950
3,1840,457500
5,2330,389000
4,3200,515000
3,2330,732000
3,1950,415000
4,3080,1655000
2,1040,535000
4,1960,540000
5,2750,525000
3,1930,570000
5,4850,569950
4,1982,283200
3,2640,1100000
4,1850,830000
4,1940,495000
5,2840,292050
5,1900,415000
5,1410,295832
4,2520,450000
4,3160,1381000
4,3720,857000
3,1820,499950
3,1560,465000
3,1600,329000
3,1230,475000
3,960,255000
3,1270,435000
3,2810,685000
2,2160,715000
3,2520,780000
2,1180,345000
4,1810,355000
3,1680,282000
3,910,244000
3,3250,967500
3,2000,375000
3,3790,1600000
3,2310,527500
3,2510,994000
3,1320,313000
3,2370,587000
3,900,304000
3,2540,675000
4,2100,305000
3,1200,280000
5,3720,960000
3,1760,500000
3,1670,274950
3,2420,455600
5,3480,970000
4,1630,312900
4,2340,535000
2,920,427000
2,910,405000
3,1150,480000
3,2500,725000
4,3250,293000
4,1930,268000
4,3400,475000
3,1590,488000
4,3330,760000
5,4590,1710000
3,2610,754950
3,1658,263900
3,1600,460000
3,1296,399950
2,1280,370000
4,5940,1149000
4,2510,450800
3,2710,627000
3,1750,495000
3,1430,310000
4,1660,550000
2,1320,215000
4,2580,799000
4,2740,630000
3,2495,267000
6,2300,900000
3,1300,365000
4,2230,544500
4,2020,599000
4,2000,815000
2,1060,254000
2,2080,740000
3,2030,225000
3,2690,925000
4,3240,1285000
3,1550,537000
4,1480,335000
4,3040,840000
3,1560,224000
3,2250,395000
3,1100,450000
3,1700,681000
5,2680,898000
3,800,370000
2,1350,429000
3,820,150000
3,3160,555000
3,1720,326000
3,1680,225000
3,1300,245100
3,2190,665000
3,1720,535000
3,1160,305000
7,3150,999000
3,1210,215000
3,1980,432500
4,2990,655000
3,1430,266200
3,2060,244615
4,2230,460000
4,3090,370000
6,4250,465000
3,1970,1175000
2,1700,189000
3,2510,820000
6,3610,968000
4,2980,1400000
3,1610,438750
4,3650,1210000
4,2510,600000
3,1110,589000
3,1650,590000
3,1980,479900
2,880,210000
3,1490,745000
3,2520,840500
3,1820,420000
7,4140,565000
4,3420,840000
4,3150,681716
3,1580,600000
3,1660,380000
3,1100,168500
2,1270,355000
4,1450,277000
4,1830,236000
3,1300,270000
2,2320,700000
4,1680,425000
3,2300,635000
3,1400,510250
4,2410,960000
3,1480,254000
3,1390,299000
2,830,175000
2,740,157500
5,1940,580000
3,1340,124740
8,4440,1970000
2,800,285000
3,1310,242000
4,2330,840000
2,1400,474800
4,2360,490000
3,1840,465000
4,2680,515000
3,3890,430000
3,1400,253400
3,2400,355000
4,2920,740000
2,1390,186950
3,1680,306000
4,2040,510000
2,1080,345000
3,2280,875000
4,4490,700000
4,4700,1400000
4,2798,499950
3,2810,739000
4,3753,363000
4,3910,782000
2,1050,325000
4,1600,485000
4,2590,452000
4,1720,264950
6,4410,472000
3,1590,267500
4,2440,565000
3,1360,535000
2,910,389000
4,1390,400000
3,1470,264000
4,2920,690000
3,1950,412000
3,2390,695000
3,1270,246500
2,950,230000
2,900,302000
4,2280,820000
3,1010,145000
2,1260,436500
4,4730,2453500
3,2620,672000
3,2330,680000
5,2170,750500
5,2450,550000
4,1880,266500
4,2300,619000
3,1240,405000
2,820,300000
4,1530,231000
5,2900,790000
4,1240,400000
4,4140,950000
4,2240,450000
3,1480,595000
3,2270,332000
3,1250,155000
5,1930,400000
4,1700,349000
3,1590,529000
5,1880,405000
4,1640,635200
3,2600,540000
2,710,402000
6,6980,3100000
3,1460,329932
3,2080,300000
5,2630,525000
4,4430,2750000
4,2760,602500
4,1670,400000
4,1990,445000
3,2600,525000
2,1320,395000
3,2240,510000
4,1960,723000
3,2590,503000
4,2620,672500
3,2770,860000
3,2110,475300
4,2290,295000
4,4960,1425000
2,1110,250000
4,3310,658000
2,900,83000
3,1940,685000
3,1590,210000
3,2930,650880
4,2040,350000
2,1000,305000
3,1730,645000
3,1220,385000
3,3060,860000
4,2910,395000
3,1050,260000
3,1560,196440
3,1680,425000
4,4140,2400000
3,1550,369000
6,5700,1385000
3,2200,349900
2,1740,650000
3,1210,299950
4,4240,625000
3,1590,190000
4,3420,715000
4,3190,659000
3,1920,490000
2,1340,415000
3,1700,750000
4,2310,700000
3,1510,425000
3,2670,642000
4,2060,655000
3,2090,1365000
5,3090,458000
2,1240,330000
3,1860,384950
3,2000,560000
4,2500,950000
4,1820,465000
3,1820,425000
3,1060,315000
3,1950,530000
2,940,399000
2,1220,168000
5,4180,1886700
3,1200,374000
5,3990,740000
2,1880,280000
4,2280,322000
3,2580,459900
4,2600,750000
4,3150,1256500
4,5550,3710000
5,2220,427000
2,1730,800000
4,2840,735000
4,2560,642000
3,1330,240000
2,1890,645500
7,4290,840000
2,1540,475000
4,2340,568000
3,2180,325000
3,2780,825500
4,2620,499431
4,3760,919204
4,2720,545000
3,2675,660000
5,2080,538888
3,2460,693000
3,1960,289950
4,2550,587000
3,1760,615000
3,1620,459000
3,1790,243000
4,3480,1505000
4,2780,660000
5,3640,1595000
1,750,250000
3,960,315000
3,2030,404000
3,2930,559900
2,1380,285000
3,1720,500000
2,1210,380000
3,950,469000
2,1710,405000
2,1410,439900
4,2910,525000
4,2220,580000
5,3160,1250000
3,1380,275000
3,1760,629000
1,730,395000
4,2460,965000
3,2160,820000
4,1990,661000
3,3740,789000
4,2710,668500
3,2680,350000
4,1850,250000
4,3190,725995
3,2730,1000000
3,1840,686000
4,2720,665000
4,4370,1965221
3,2290,653000
2,990,430000
2,1140,305000
4,1840,809000
2,1110,440150
4,2150,615000
3,2230,1035000
2,1170,455000
3,1960,635000
3,2610,675000
3,2130,316000
3,3020,955000
3,1670,985000
3,1890,465500
3,950,305000
4,2430,645000
4,2360,730000
3,1510,366000
3,2080,290000
3,1750,472500
3,1810,550000
4,1790,410000
4,2340,440000
3,1690,535000
4,2070,300000
3,2240,432500
4,4500,870000
3,2770,492000
3,1010,199950
3,1120,439800
5,3020,320000
4,4400,687000
3,1990,345000
3,1450,274950
4,1920,270000
2,1175,342000
3,1320,327000
5,3990,610000
2,1140,455000
4,1720,540000
4,2150,411000
3,1790,544000
2,2210,802000
3,2180,568500
3,1410,391000
3,1950,298000
3,1495,400000
3,1660,425000
3,1950,328500
5,2550,650000
3,1370,850000
4,2200,930000
3,1250,530000
4,2220,495000
3,1620,500000
3,2250,325000
3,1720,365000
4,3030,471000
3,1030,223000
3,2190,503000
3,1440,230000
4,2170,550000
4,2930,1100000
3,1180,193000
4,2360,590000
3,1660,712500
3,2390,689800
3,1360,430000
3,1840,785200
3,1800,474900
4,4130,1070000
3,2220,435000
5,3490,941500
4,1830,312000
4,1550,835000
3,2050,713250
2,1230,440000
4,3150,580135
3,3800,575000
3,1350,613000
3,1530,235000
3,2290,660000
2,1480,280000
3,1970,268000
2,720,235000
3,1080,390000
4,2790,654950
5,2040,449500
3,1320,150000
3,1680,440000
3,2140,710000
3,1660,420000
3,1540,312000
3,1880,320000
3,1250,235000
5,2120,437000
3,1810,545000
3,2370,640000
3,1970,432000
3,2110,548000
3,2080,830000
4,3720,875000
2,1370,409950
4,2961,695000
3,2090,562100
3,2600,475000
3,1870,425000
4,2620,600000
3,2430,770000
3,1340,239000
2,1170,295000
3,2000,560000
5,2070,613000
4,4590,960000
5,2550,847000
3,1060,206000
2,1220,253000
4,1790,430000
3,2060,605000
2,1140,425000
4,2870,720000
6,2550,375900
4,2790,1298000
3,1110,210000
2,940,234000
3,2880,285000
3,1200,400000
3,1030,718000
2,1240,174500
3,1200,222400
3,2780,402500
3,1765,250000
4,1960,600000
2,2680,930000
3,1410,272500
4,2240,363990
4,3120,575000
3,1450,400000
3,2340,427874
5,2481,309000
3,1530,320000
3,1250,390000
1,560,299000
4,2200,375000
3,1460,240500
3,1650,320000
5,3200,1270000
3,2560,658588
3,2080,270000
3,1070,327500
3,2190,340000
3,2060,200000
3,2640,1025000
3,1720,275000
5,3880,1126000
2,960,280000
3,2340,485000
3,2660,1901000
3,2090,865000
3,1820,532000
4,2310,364950
3,920,212500
1,790,135000
2,1500,437000
3,1240,390000
4,2730,760000
3,1170,119500
5,3410,2400000
4,2700,837500
4,1650,327500
2,670,175000
3,1670,289950
3,1530,400000
3,1500,219950
4,1720,161700
5,2920,500000
3,910,465000
3,1050,540000
3,1540,525000
3,1210,324950
5,2650,565000
3,1990,760500
5,2660,1100000
4,4060,603500
5,2300,453500
6,2630,583000
2,770,275000
4,3790,875000
4,2540,335000
4,2500,646000
4,2150,392500
3,1670,785000
3,1800,470000
3,2070,560000
2,830,519000
3,2370,746000
3,1010,317000
3,1420,371000
4,2120,250000
4,2020,532000
3,1520,499950
2,820,375000
3,1690,640000
3,2260,400000
3,1830,572000
3,1350,310000
5,3280,989000
4,2770,685000
4,2770,907500
4,2460,427500
3,4720,860000
2,1250,365000
3,1710,250500
3,1840,411715
4,2000,415000
1,650,129000
3,1020,489000
2,1500,170000
3,2060,418500
3,1810,261000
6,3810,2005000
2,1650,355000
3,1540,742000
3,2080,399950
3,2430,791000
5,1750,190000
3,1770,229500
3,1710,539000
4,2740,549000
5,2730,545000
3,2437,285000
4,3290,648000
4,2910,610000
3,1630,767450
4,4410,765000
3,1780,586500
3,1540,520000
3,1420,455000
3,2680,653000
3,1750,279950
3,2170,449950
3,2390,565000
4,2400,620000
3,1690,269000
3,3250,875000
4,4610,630000
4,2440,425000
3,1290,647500
4,2000,450000
3,1050,440000
4,2340,445000
4,2210,530000
5,2920,875000
3,3150,685000
3,3590,798000
4,1910,297500
4,3110,749950
5,2440,495000
4,1330,540000
3,1460,395000
6,3902,1300000
5,5180,1075000
2,1150,214100
4,1920,210000
3,2520,499500
2,970,546000
5,2490,292000
3,1680,289000
3,1150,240000
4,1980,395000
4,2070,795000
4,5660,955000
4,2420,725000
4,2610,335000
4,2810,492000
3,1510,250000
3,1910,700000
3,1700,545000
4,2020,555000
3,2340,640000
3,1463,390000
3,1430,466500
3,1180,372500
5,4400,1800000
3,1610,255000
3,1480,466800
3,2670,749000
4,1830,610000
2,920,356000
3,1150,165000
2,1190,229000
4,4160,530000
3,2370,499950
4,1660,619000
3,1480,547000
4,2390,359800
3,1690,499000
3,1010,189000
4,3500,799000
4,2330,257000
3,1890,270000
4,2000,453500
3,1130,237000
4,1670,456000
3,2600,355500
4,1560,299950
3,1170,335000
4,2100,268500
3,1710,385000
4,2420,376000
4,1370,605004
4,2660,886000
4,2260,560000
4,2070,343000
4,4670,1415000
3,1500,270000
4,2658,411605
4,2700,550000
3,1530,465000
3,1480,584000
3,1390,275000
3,1660,324500
3,2050,700000
4,1550,385200
4,1900,270000
4,2820,735000
2,1490,389250
3,1750,315000
4,2040,545000
3,1900,550000
3,1910,415000
3,1560,387500
3,1470,432000
3,2700,402000
4,3450,1035000
3,1970,294700
3,2670,744000
3,2550,715000
4,1720,500000
4,4270,1300000
3,2170,1150000
4,2840,650000
4,3270,435000
3,1480,510000
5,2440,525000
4,2880,920000
2,1730,200000
2,1260,435000
4,2230,809950
2,2460,1370000
4,2050,455000
3,2030,471000
2,810,253500
3,1840,185000
3,1730,535500
2,2280,835000
4,2630,589500
3,2270,680000
3,1020,360000
4,1990,595000
4,2680,300000
3,1980,660000
3,2400,570000
2,780,285000
3,980,435000
3,1210,160000
5,4600,805000
3,1480,450000
4,1320,510000
5,4400,1120000
4,3010,1280000
3,2260,539000
4,1880,407193
3,1370,320000
4,2720,739000
2,1740,452000
4,2560,600000
5,2690,279000
4,3240,895000
4,2430,585000
2,1405,405000
5,3030,837219
4,4150,969990
3,1730,490000
6,3820,611000
4,3070,462000
4,1780,540000
4,1811,260000
4,2450,510000
3,2300,567500
2,1440,445000
4,2370,684680
4,4420,2700000
3,1300,455000
5,2870,540000
3,3400,530000
3,1410,410000
3,1640,450000
4,3190,609900
4,2380,648000
3,2260,550000
3,1240,347000
5,4220,1635000
4,4250,1339000
3,1860,288350
3,2850,1150000
3,2470,525000
3,2210,250250
4,1920,341000
4,3150,700000
4,2700,390000
3,2190,539950
2,1380,552000
5,2520,250000
3,1300,502000
4,2220,480000
2,730,378500
4,3300,1350000
4,4130,1900000
3,2670,605000
4,1980,307550
2,740,304700
3,2050,568000
3,1230,385000
3,1210,345000
3,1890,435000
2,1870,579000
3,1330,236000
3,1590,305100
3,1710,368000
2,1200,255000
2,1140,400000
3,2240,440000
2,920,417000
2,800,435000
4,1980,475000
4,2800,563500
3,1680,285000
4,2330,471000
4,2240,500000
3,2140,640000
4,2170,442500
3,1150,213400
4,2030,831000
3,1350,325000
2,910,425000
4,2700,550000
4,3730,599950
4,2740,1225000
4,2050,750000
4,2390,290000
4,1990,270000
4,1300,229950
3,1330,234999
2,1000,265000
4,2190,367300
3,1380,550000
4,2610,743700
2,1060,352750
2,710,403950
4,2730,980000
4,2470,585000
3,1760,554000
3,1530,546000
2,1610,280000
2,1030,212500
4,2800,739000
3,1310,428000
4,3160,965000
3,2500,364900
3,2070,559000
4,1980,213000
3,2590,620000
4,1910,240000
3,2630,852500
3,2630,600000
3,1960,410000
3,1440,328000
3,2210,625000
4,2350,649950
3,1590,235000
3,1500,489000
3,1900,536000
4,2370,400000
3,1720,398000
4,2020,379000
2,1340,345000
3,1800,365000
3,1480,315000
4,2750,571000
5,3760,1025000
3,2540,695000
3,1760,225000
3,3000,740000
4,1930,315000
4,3040,1230000
2,860,420000
3,1420,310000
3,2080,700000
3,1560,269000
4,1960,369990
3,1620,800000
5,3670,569000
6,1930,175000
3,1290,440000
5,1970,435000
3,1540,345000
4,2180,558000
2,1490,475000
3,2220,490000
3,2430,335000
2,1392,350000
4,1120,100000
4,1390,417500
3,2040,253000
5,2830,1240000
4,3020,490000
3,2290,470000
4,1210,483300
3,2510,659000
4,2320,480000
3,970,165000
3,1820,659500
3,970,219900
2,1740,315000
3,1590,250000
2,1380,268000
4,1680,380000
2,1220,499000
2,1651,285000
3,1330,183000
3,2940,1070000
3,1410,429000
2,1100,403000
3,1530,375500
5,5270,1795000
3,2110,516200
4,1720,385000
3,1800,515000
4,2210,375000
4,2560,650000
2,1010,306888
4,3340,870000
4,1740,310000
3,1320,251750
3,1520,366000
3,2010,429950
3,2440,710000
5,2550,895000
3,1010,149500
3,1780,310000
3,2180,555000
5,2750,750000
4,3490,745000
3,2550,695000
3,1870,433000
4,1150,307000
3,2050,655275
4,1940,392000
5,3630,1180000
3,1890,359950
4,1630,360000
4,2440,566000
5,3100,700000
3,2090,415000
3,920,199500
3,1580,749000
3,1760,680000
4,2530,400000
4,2490,608000
4,3870,589900
5,2732,480000
5,3230,1059500
6,2930,915000
4,3510,695000
4,2580,899900
2,1060,499950
4,2790,533112
4,2009,303210
5,2880,525000
2,710,399950
3,2070,850830
3,1370,371500
3,1730,522000
4,1680,588000
2,1350,276900
5,1510,248000
3,1860,280000
6,3440,495000
6,4250,665000
2,860,290300
2,1640,527000
2,1295,487028
3,1790,325000
3,2210,799000
5,10040,7062500
3,940,354000
3,1160,262500
3,1990,560200
3,1050,220000
2,1030,650000
3,1420,435000
4,2690,800000
4,3760,1010000
2,700,200000
5,2100,295000
4,2240,580379
4,3470,875000
3,3370,515000
4,2790,599000
3,1870,285000
3,1520,290000
1,750,355000
3,1460,381000
3,2600,571000
4,3320,852600
5,2340,1085000
3,890,371000
3,1720,514000
3,1270,386000
4,2180,464000
4,2030,335000
4,2490,740000
4,1470,465000
3,2500,700000
3,4500,785000
3,1460,350000
1,620,148000
3,1550,530000
3,1430,349000
3,1360,240000
3,2210,330000
4,2460,735000
3,2180,545000
3,1570,214950
4,4140,657500
3,1140,476000
5,8670,2888000
2,800,110000
4,2414,292000
3,1160,317000
4,3170,455000
5,4210,1365000
3,2060,460000
3,1640,405000
2,720,333000
4,1860,427000
4,2810,742000
4,2090,465000
4,3280,809950
4,2090,619400
3,2430,762400
5,2520,535000
5,2510,881000
4,3370,813000
3,1640,234000
3,2250,308900
4,2300,450000
3,1650,547500
2,710,399950
4,2550,516000
2,982,250000
3,1630,475000
4,2550,415000
2,1240,545000
3,2456,329950
5,3200,1325000
3,3950,784000
4,2180,610750
4,3140,578000
4,4030,1485000
3,1970,501000
5,1940,465250
5,4860,2250000
0,3064,1095000
2,970,315000
4,2460,900000
4,3010,789500
3,2460,678500
3,2080,342500
4,3960,860000
4,2490,306000
5,2060,580000
3,1330,405000
3,1600,510000
2,820,173000
4,1200,210000
3,1050,445000
3,1910,585000
3,1800,381000
3,2060,890000
3,1840,235000
3,1250,480000
2,1510,575000
4,2300,350000
4,1490,259000
5,2820,599000
4,1130,210000
4,3200,1184000
3,1510,545000
3,1970,299995
3,1210,440000
4,3280,699000
3,2420,795000
5,2460,445000
3,1180,397990
3,1900,706000
3,1651,363000
4,2130,850000
2,1430,620000
4,5730,1228000
4,1910,333000
3,2110,743000
2,1630,448000
4,2470,485000
4,2640,489950
5,2990,498500
3,2120,531000
3,2050,670000
5,1880,310000
3,2790,835000
4,3000,1688000
4,2140,495000
3,1769,495000
3,1710,440000
1,420,280000
4,3270,1070000
4,2370,1034500
4,1770,248000
4,2210,294000
3,1710,561000
4,2710,656500
3,2340,660000
2,1220,370000
3,1060,349950
2,910,223000
4,1880,560000
4,1870,594000
3,1480,600000
3,1880,315000
4,1890,430000
3,1560,440000
2,1070,312500
5,4410,1240000
3,1470,300000
3,2570,680000
2,1170,336750
5,2320,822500
4,2440,589000
4,4120,863000
2,1440,210000
3,1340,206135
6,3010,1125000
3,1840,285000
2,930,230000
4,4070,845000
3,1820,350000
3,1280,304000
2,900,370000
3,1980,810000
4,2010,440000
4,2750,1030000
4,3140,775000
5,4200,1335000
3,1900,235000
3,1830,499950
5,3320,622500
4,2700,300000
3,1290,205000
3,1500,435000
4,3650,697000
3,1270,153000
4,2630,454000
2,1800,345000
3,1870,585000
4,2540,380000
4,1930,250600
4,2770,890000
4,2220,370000
3,1650,369500
4,3670,883000
4,3770,950000
3,2350,615000
3,1210,305000
4,2010,590000
3,1580,485000
2,710,215000
3,1910,430000
4,1880,324900
2,2280,849900
5,3100,975000
5,2350,910000
3,1850,459950
3,2070,325000
4,2020,513000
3,1580,475000
4,2690,419000
4,2420,760000
5,2540,1120000
2,1150,129000
5,3210,725000
3,2040,580000
3,1920,385000
4,1900,265000
3,4310,1735000
3,1070,330000
4,2790,665000
3,2860,799000
3,2250,589000
2,3170,1695000
3,1460,538000
3,1540,530100
3,2910,718500
3,1180,299000
3,1640,556000
4,1520,171000
5,3610,540000
3,1400,250000
4,3200,795000
3,1384,575000
3,1410,379500
4,2050,385000
4,1750,415500
3,1510,397500
3,1930,530000
4,2960,883000
5,2920,850000
2,1980,496752
3,1430,330000
4,2450,735000
4,2360,525000
3,1890,269950
3,2140,650000
3,1900,520500
4,2700,652500
5,2430,506000
3,1110,416000
4,2280,500000
3,1550,460000
3,1530,371025
4,2440,576000
4,1760,353500
4,3040,1735000
3,1070,183000
3,1990,763101
2,1090,460000
4,1890,825000
3,1000,265000
3,1770,295000
4,2360,418000
3,3380,554000
3,1700,534500
2,1600,690000
4,2050,530000
2,1210,357186
5,1940,300000
4,1810,304000
4,1690,385000
4,1800,415000
4,3280,963000
4,4290,792500
3,1150,309212
2,880,235000
3,1720,667000
3,1510,470000
4,1240,375000
4,1580,410000
4,2170,566000
4,2500,680000
1,960,332000
4,3030,902000
3,1540,500000
3,1890,445000
4,2810,825000
4,3530,1095000
3,1100,277000
3,1940,545000
3,2300,435000
3,2110,638000
4,1220,418000
3,1750,499000
3,1230,150000
3,3100,759950
3,1830,427000
5,2640,632500
6,1840,660000
4,3190,862000
2,1120,524000
3,1760,470000
3,1590,385000
4,2120,575000
4,2240,220000
2,890,460000
3,2940,1712500
3,1220,175000
3,2670,465000
3,1120,552000
4,3130,565000
4,1740,518000
4,3290,899950
3,1770,373000
4,2960,385000
2,1200,245000
4,2400,375000
4,2690,699850
6,3550,450000
2,1310,455000
4,2610,650000
5,2760,378000
3,1410,220000
4,1960,285500
3,1212,340000
4,2220,921000
4,2040,375000
4,2800,999000
3,2040,335000
4,3070,1920000
2,830,385000
4,4140,850000
5,2340,429000
3,1420,523950
3,2670,798800
3,1880,284000
4,3450,852880
3,1200,320000
4,3430,749995
3,1350,468500
5,2570,492500
4,2840,685000
4,2650,542525
3,1980,435000
3,1280,242000
4,2610,325000
5,3010,837700
1,930,210000
3,1180,187500
5,1710,560000
3,1380,272000
3,1190,235000
3,1870,259000
5,3130,866059
2,900,473000
3,1880,405000
4,3010,870000
3,2280,475000
3,2970,499500
2,1620,386000
4,1550,458000
3,2240,550000
3,2830,605500
3,2890,421000
4,1990,536000
3,1370,247200
2,1088,250000
4,1740,204950
3,1730,430000
4,1800,250000
3,1440,260000
4,1720,547000
5,2800,379900
3,2300,738500
4,2030,545000
2,740,342000
5,9640,4668000
4,1920,170000
4,2490,616000
3,1380,640000
3,1530,332000
3,2420,1010000
4,2150,380000
4,1610,415000
4,2650,1008000
4,2700,669000
3,1270,260000
4,3150,854000
3,2010,605000
3,860,320000
3,1410,229950
3,1700,255000
4,2570,1170000
2,1230,479000
4,4170,1200000
3,1180,472000
3,1430,198000
4,1450,440000
3,2180,506000
4,2210,382500
2,1480,269500
3,2340,560000
4,3860,840000
3,2300,479500
3,1450,402000
2,1380,549000
4,2470,449950
4,2030,493000
4,1440,142500
3,1160,250000
3,1580,729000
2,1430,465000
2,1494,465000
4,1930,280000
6,2740,675000
3,1880,667500
3,2590,809000
3,2140,400000
4,1870,310000
2,1230,435000
4,2340,465950
3,2880,1538000
3,880,253000
3,3040,330000
4,1120,554000
3,1380,350000
4,1660,294999
3,2500,1185001
4,2940,752000
4,1670,451000
4,2630,725000
4,2250,345000
3,1320,206000
4,4100,2027000
3,4340,2475000
4,3700,1728000
5,2700,580000
3,980,430000
4,2650,720000
7,3670,824000
3,2960,936000
4,3070,535000
3,1413,286800
2,1260,350000
3,1680,345000
3,1230,435000
3,4360,1555000
4,4420,1325000
3,2770,461000
3,2910,770000
4,4290,1384000
3,1600,330000
4,1820,322500
6,6050,1600000
3,1700,475000
2,790,250275
3,1720,274500
3,990,284950
4,1770,264950
3,1260,242000
4,3640,913000
3,2040,555000
4,1980,711000
5,3600,403500
4,4270,975000
4,2030,253779
3,1689,384400
5,2870,646000
3,1270,415000
4,2790,764000
5,3850,507000
3,1560,545500
3,1180,450000
4,1820,264000
5,1260,650000
3,2640,365000
2,1100,343566
3,1950,375000
3,1380,295000
3,2200,325000
4,2050,265000
5,2795,562000
4,2050,540000
4,6430,4489000
5,2150,279950
3,1970,540000
4,2660,310000
1,720,190000
4,2410,440000
3,2020,1400000
2,1080,230000
3,1180,455000
2,660,175000
3,2920,650000
4,4850,3000000
3,1080,192500
3,1670,239950
6,1370,175000
5,3450,850000
4,1970,410000
4,2290,570000
5,2240,469000
2,1240,559000
3,2420,739888
5,3260,568450
2,670,240000
5,3160,574950
3,1990,180000
4,4680,1160000
3,1700,300000
4,2807,630000
4,1770,507000
4,2570,287500
3,3450,688000
3,1670,424000
3,1050,400000
4,1910,620000
3,910,300000
5,2480,615000
2,1820,206000
4,2920,515500
5,1870,554000
4,3810,825000
4,2190,855000
3,1730,315000
5,2220,299000
3,1320,650000
3,1510,465000
3,2120,535000
2,1690,564000
3,1360,515000
4,3250,580000
3,1490,309000
3,1930,536751
4,2020,415000
3,1584,267000
4,3170,820000
4,3870,1399950
2,1430,485000
3,1380,482000
4,2610,535000
3,1540,690000
3,1940,576000
3,2160,378750
4,1530,269900
3,1440,210000
4,2640,429900
4,3620,1525000
4,2850,360000
2,1260,405000
3,1610,450000
3,1360,703000
4,2496,661000
4,2160,580000
3,1320,464000
2,2540,945000
4,2620,659500
3,1140,200000
3,1790,280000
4,2440,1325000
3,2140,346150
3,1330,197500
4,2590,799000
4,4750,1309500
2,1620,350000
4,2440,720000
3,2020,519000
3,1470,590300
5,5990,2200000
6,2520,410000
2,1440,437000
3,1640,221000
4,2150,380000
2,1570,506000
4,1980,395000
3,1210,285000
3,1900,311000
3,1940,520000
3,1310,435000
2,990,120000
3,3870,1440000
3,1340,186000
4,2160,756000
4,2080,248000
3,1300,287000
4,2610,510000
3,1050,249000
3,2480,340000
4,1820,399888
3,1170,440000
4,2370,899000
5,3090,540500
3,2310,385000
4,2060,558000
3,2540,600000
4,2400,450000
3,1320,232500
2,790,436000
4,1790,240000
3,1820,489950
6,1670,680000
5,3990,1068000
3,1430,352450
4,2030,335000
4,1290,549000
4,3820,1240000
4,2520,618250
5,3880,1815000
2,1590,850000
5,3530,930000
3,1610,505000
4,3280,925000
3,1860,275000
3,1840,499000
3,2120,507000
4,2270,619850
3,2840,500000
4,1220,310000
4,2310,646000
3,1840,265000
3,950,475000
4,3070,600000
3,1730,470000
2,920,319950
3,3200,712000
4,3010,775000
3,1600,390000
4,2840,585000
3,2430,1027000
3,1750,232603
3,1240,543000
3,1530,607500
3,3390,750000
3,2320,728050
4,2650,734990
3,2238,330000
4,2620,605000
3,1910,441000
4,3040,650000
7,4640,1950000
3,1500,395000
1,380,245000
4,2970,905000
4,3030,660000
4,1890,378000
2,1040,600000
4,2090,632500
2,1680,210000
2,2770,754800
2,1020,175000
3,1470,455000
3,1430,450000
4,2050,790000
4,2080,480000
3,2870,850000
4,3940,725000
3,1520,380000
3,1700,979000
3,1940,359950
4,2870,665900
3,3240,812000
3,1150,203000
3,1440,456000
5,2200,547000
3,1470,280000
2,1760,640000
3,1780,477000
4,2450,455000
3,1890,587206
3,2540,425000
4,1360,511500
2,1310,218000
3,1510,332000
3,1860,291000
4,2200,279000
4,3360,950000
3,2470,970500
2,1260,412000
3,1430,400000
3,1230,200000
4,2320,397000
4,3290,715000
4,2550,371000
3,1870,458000
5,3110,436500
3,1820,329950
3,3050,950000
4,1890,282000
1,800,250000
6,6900,1135000
4,2670,400000
5,3260,681500
2,860,200000
5,3366,1300000
5,3840,1462497
4,3850,995000
4,2040,355000
3,1790,425000
4,3740,869000
3,2660,915000
3,3230,2110000
4,3140,925000
6,5480,2400000
3,1160,390000
3,1860,330000
4,1630,482500
3,1750,525000
3,1300,237000
3,960,205000
3,1850,623000
4,3260,565000
4,2420,400000
3,1460,405000
4,2240,337000
2,1240,355000
3,2060,885000
5,2280,420000
4,2510,448000
4,3150,800000
5,2780,830000
6,2380,725000
3,2140,780000
2,840,325000
4,2170,488800
4,4410,1320000
4,2120,489000
7,6630,1240000
3,3290,595000
5,2290,359900
3,4910,1080000
4,3730,925000
3,2440,625000
3,2570,339990
4,2970,775950
5,2630,420000
3,1530,654000
3,3690,725000
2,1230,375000
3,2200,1100000
4,2330,639500
4,2160,849000
4,1550,418000
4,1780,442900
3,2610,750000
3,3290,930000
2,1330,565000
4,3530,874150
4,2090,545000
4,2040,500000
4,2370,687000
4,2810,810000
3,2050,439500
3,2870,802000
4,2130,732600
4,2580,374000
4,2380,330000
4,1940,365000
2,1610,290900
3,2060,577000
2,1010,280000
4,2810,675000
3,2380,800000
2,1060,299995
3,1560,440000
2,1500,249500
2,970,690000
3,1170,235000
3,2280,320000
7,2800,350000
4,1150,334000
6,2180,235000
4,2520,442000
3,1760,264000
2,1180,275000
2,950,430000
3,1900,550000
4,2300,775000
6,2660,603500
3,1530,230000
4,1850,449000
4,4230,2075000
3,1200,420000
4,2270,735000
3,1090,200000
3,1100,286000
3,1640,579000
3,1950,345100
3,1660,350000
3,880,291500
3,1500,649950
3,1890,458500
3,1150,500000
3,2430,362300
4,2110,324000
3,2950,495000
3,1650,233500
3,2110,479000
4,2010,322200
4,3030,835000
3,1270,347000
3,1610,725000
3,1140,345000
3,2110,345950
3,1840,550000
3,1560,399950
3,1840,269500
4,1830,494000
4,2120,453000
3,1600,442500
4,1450,235000
3,1880,389800
3,1270,346000
4,1720,360000
4,2400,650000
3,1150,290000
2,870,234000
4,2000,260000
3,2420,349900
3,1080,275000
4,3420,725000
4,1870,375000
4,2500,806000
3,2150,470000
3,1470,490000
5,2130,615000
3,1000,249000
3,2390,396500
2,860,405000
3,1960,560000
4,2000,459950
3,1620,265000
6,2890,502000
3,1300,430000
2,1080,525000
4,2170,415000
3,2260,600000
3,1580,225000
4,2620,300000
4,1540,491234
4,4570,1580000
4,3440,905000
5,1740,199950
4,2160,450000
3,1480,899000
2,2260,649000
4,3910,780000
4,1700,400000
5,4470,831500
3,1800,471001
3,1630,385000
3,1030,326000
1,720,335000
4,1890,320000
4,1840,300000
4,2540,269950
4,3520,1220000
4,3220,590000
3,1820,750000
3,1230,239950
3,1340,215000
3,1200,165000
3,1390,261350
4,1730,569000
3,1580,425000
4,3520,800000
4,2650,715000
3,1310,337000
4,2300,560000
3,1780,449500
3,1980,660000
2,1300,685000
5,3500,905000
3,1830,403500
3,1520,405000
4,2700,385000
3,2810,1700000
3,1660,285000
3,1310,249900
4,2960,633634
3,2242,329900
3,2540,310000
3,1420,345000
3,1270,160797
3,1300,562500
5,3190,664950
5,2910,515000
3,1630,497000
5,2300,312891
3,3310,670000
2,940,362500
2,1020,402101
3,1520,438000
4,2330,687500
3,1010,160000
3,1070,415000
3,3170,405000
4,3030,880000
3,2270,585000
4,2341,640000
3,2130,819000
3,2300,520000
3,1660,367500
4,2610,762500
3,2150,300000
3,2410,625000
2,1580,530000
3,1740,379000
2,1270,615000
2,2550,660000
3,1860,380000
4,2700,314900
3,1460,324950
3,1330,225000
3,2070,535000
3,1360,348500
4,2650,725000
4,3580,925000
2,2034,549000
3,1230,400000
4,2450,620000
6,2840,665000
4,3820,1215000
3,2740,1157400
4,2090,349950
5,6390,2466350
4,2470,339000
3,1720,615000
4,3090,751000
4,2320,941000
4,1740,600000
4,2950,455000
0,4810,1295648
3,1500,485000
3,1810,358000
3,1100,339000
3,1490,258000
2,1200,455000
4,1890,437000
3,2200,689000
4,2510,319000
3,1420,510000
3,2000,440000
2,1460,1010000
4,3220,875000
4,1310,304000
2,690,139000
3,1150,464500
3,1480,336500
4,1850,230000
3,1930,425000
2,750,300000
3,1430,457500
3,1840,366000
3,1300,502000
3,1050,194000
4,2210,305000
4,3220,1250000
4,4620,575000
4,1760,343500
3,850,325000
4,4690,600000
4,3920,850000
3,2140,420000
2,1180,257500
5,2360,317000
3,3060,970000
3,1670,252000
3,1820,683500
3,1970,289000
2,930,355000
3,2300,675000
3,2590,396500
4,1450,362500
4,1540,395000
5,2730,599000
3,880,218000
4,3190,589950
3,1330,218000
3,1500,360000
2,740,350000
4,2560,350000
3,2540,845000
3,3200,839000
4,3330,850000
2,900,329950
4,1600,425000
2,970,210000
2,1130,631500
2,650,295000
3,2400,575000
3,2280,415000
4,3550,859000
4,2050,639888
2,830,329445
4,2440,745641
3,1600,395000
4,3190,790000
4,2550,890000
3,2180,400000
3,1410,365500
3,1410,245000
4,2340,390000
3,1320,196500
4,3990,1200000
3,1270,276900
3,4380,995000
4,4250,2300000
3,1860,505000
4,3770,1229000
4,1530,352000
4,3570,597326
2,1740,800000
3,1670,270000
4,1570,235000
2,1590,409900
5,2980,739900
4,2690,608000
2,900,381500
2,1440,562100
4,3000,740000
3,1640,308000
5,3100,905000
4,4000,762000
4,2020,356000
3,1840,750000
4,2100,418800
4,2460,276000
3,2610,725000
3,1460,285000
3,1050,205000
3,1790,583000
4,2180,657000
4,2050,386000
5,2790,589950
3,1700,575000
3,2380,574000
5,2000,690500
2,1670,565000
3,1190,500000
6,3040,330000
2,780,286000
3,2330,450000
4,2840,870000
4,2490,725000
2,770,275000
3,1850,645000
3,1090,152000
4,1780,315000
1,930,190000
4,2770,700000
3,1250,233000
4,1830,249000
2,870,310000
3,1150,265950
5,4500,860000
3,1150,200000
4,2000,402000
6,1900,305000
3,1640,505000
3,2680,1355000
3,2420,482000
3,1790,299950
4,3920,770000
3,1640,245700
3,890,283000
4,1910,650000
5,2140,530000
3,2030,440000
4,4225,1005000
3,2680,599990
4,2030,544000
5,5850,1700000
2,2060,270000
2,1060,435000
3,1010,349000
4,3310,1140000
4,2000,320000
4,3070,804100
3,1270,594000
4,3110,531500
3,2110,1150000
3,1400,374500
4,2310,450000
5,2700,744500
5,2370,913888
4,2760,760000
2,1610,346500
3,1230,280000
3,1900,557500
3,1580,260000
3,1940,1330000
3,1620,640000
7,1940,280000
3,1230,205000
5,3160,957000
5,2700,625000
4,1880,680000
2,890,150000
3,1720,255950
3,1620,246500
2,1380,450000
3,1870,595888
3,1970,454000
3,1110,299900
3,1190,200000
3,1150,346500
4,2890,585000
3,1500,383000
4,1950,519000
3,1250,410000
4,2070,578000
4,4660,1280000
2,1350,395000
3,1800,364000
3,1481,240000
3,1730,328423
4,2720,594000
3,2320,425000
3,1860,309620
5,2025,260000
3,1400,563500
5,2620,975000
3,2450,937000
3,1590,518500
4,2085,563500
4,3450,1050000
3,1780,350000
4,3060,826000
3,1700,225000
4,1330,235867
4,3060,399000
3,1220,177500
4,1600,224000
4,1530,302000
3,1980,760000
3,1730,460000
3,1170,415000
2,1950,669000
3,1470,254600
3,1400,357250
4,4040,910000
6,3110,725000
3,1490,670000
4,1770,440000
4,3320,1025000
2,950,320000
4,2430,310000
4,2660,772650
4,2670,669950
5,2720,690000
4,3200,385000
3,2480,663000
3,1780,300000
2,1590,225500
3,1550,320000
3,2850,775000
3,2600,805000
4,1230,252750
5,2080,254000
6,3600,620000
4,2110,435000
4,2550,460000
3,1650,268000
2,1370,446000
2,1010,285000
3,2330,530000
2,620,402000
3,2450,358000
4,2530,354950
4,2220,405000
4,2110,568000
5,3690,575000
4,1940,315000
4,2070,280927
4,2160,440000
4,2600,270000
4,2880,755000
4,2260,289659
5,3640,555000
3,1530,450000
3,2490,1145000
3,1440,495000
3,3760,1250000
4,1720,580000
4,2480,560000
4,3990,1080000
2,840,450000
3,2270,815000
4,2580,354000
3,1580,279900
2,950,339000
4,3190,1340000
3,3740,710000
4,2620,815000
3,2080,800000
3,1660,638000
3,1520,475580
3,1140,243800
3,3240,600000
3,2460,620000
4,1750,750000
3,2430,626000
3,1060,230000
3,2410,537000
2,720,210000
3,1260,200500
3,1640,253500
3,1310,150000
3,2120,440000
3,3320,667000
3,1210,660000
3,2590,695000
4,2250,440000
4,4040,1388000
3,1090,219500
3,1660,220000
2,1780,270000
4,3370,900000
5,4480,1990000
4,2990,800000
5,2280,365000
3,2480,1387800
5,2830,451000
2,920,202000
4,3250,1410000
2,1240,471000
4,3230,827000
5,2500,235000
2,1390,216500
5,1940,359000
3,1900,252500
3,2380,370000
3,1480,663000
4,3460,971971
3,1444,420000
4,1930,330675
4,1200,240000
3,1769,334888
3,2490,414000
4,3060,782900
4,3030,525000
3,2370,429900
3,1370,390000
3,1500,224000
3,1715,257500
2,1110,665000
5,2400,327000
3,1520,425000
4,3190,687500
3,2400,672500
3,1060,140000
2,1220,215500
4,2020,464900
4,2300,417000
4,2300,453000
3,1660,700000
4,3900,1619999
3,1650,259500
4,2110,460000
3,1960,561500
4,2770,641000
4,2440,330000
2,1320,447000
4,2570,320000
2,940,212700
2,700,260000
3,1400,410000
4,1890,355000
2,720,275500
3,2410,415000
3,1630,279000
5,2330,350000
2,1330,355000
4,3190,750000
3,1400,235000
3,970,209950
3,1010,230000
3,3580,725000
2,1050,430000
5,2500,661500
3,2630,738000
4,6640,1820000
3,910,221000
3,2610,665000
3,1720,255000
5,3650,1195000
3,2040,355000
5,3260,755000
3,1590,300000
4,1440,500000
2,900,191000
6,3120,315000
3,1060,415000
4,3000,394000
3,2230,490000
5,1890,523460
4,4150,550000
3,1780,342000
4,2710,560000
4,4390,1050000
2,1640,710000
3,1670,1020000
3,2570,399950
2,1500,480000
3,2710,410000
4,2860,530000
2,840,528000
4,2990,469900
5,1170,397000
3,1200,718500
2,1020,195000
2,910,285000
1,700,295000
4,2420,602000
3,1950,235000
4,3060,465000
4,1390,234000
2,1200,504200
3,2440,710000
3,2310,589500
3,2600,415000
3,1490,735000
3,2432,427000
4,3610,982000
4,2530,459000
4,2790,483453
3,1670,246950
1,1170,235000
4,1350,288790
2,1110,229800
1,1100,516500
3,2820,1600000
3,1040,234000
2,1910,230000
4,1370,300000
3,1500,470000
3,1200,339900
2,1050,650000
5,2670,585000
4,2190,699900
4,3130,598000
3,1700,475000
3,1700,314500
3,1360,397000
3,1610,345000
5,2130,325000
3,1800,265000
4,2950,402000
3,2120,835000
4,3500,780000
3,1440,250000
4,2120,1200000
2,1780,935000
2,960,300000
2,1510,419000
1,1010,410000
3,3790,1165000
3,3600,461000
3,1300,385000
4,2500,669500
3,2090,491950
3,2200,1230000
3,2070,560000
3,1320,370000
4,1360,263400
2,930,100000
3,1760,289950
3,1410,263000
4,2570,397500
3,1300,245000
3,1580,535000
4,2960,449000
4,2330,490000
4,2070,445800
2,970,345000
3,2310,327500
4,2290,436500
3,1720,550000
2,1190,441000
2,870,406500
2,1068,243000
4,2140,359500
4,3300,760000
5,4830,1925000
5,2820,408000
4,2440,480000
4,1800,875000
3,1010,308000
4,3220,880000
5,5000,1730000
2,1200,170000
3,1470,491500
3,2600,515000
4,2750,550000
2,1320,255000
3,3350,635000
3,2650,850000
2,1860,265000
3,960,349810
4,2010,972000
2,900,235000
4,2340,330000
4,3720,500000
3,1890,570000
4,2680,1309500
3,1460,544000
3,3180,439000
4,1980,530000
2,1090,427500
4,2230,337000
4,3330,1095000
4,1880,435000
5,2870,765000
4,2120,492650
4,2700,383962
4,3670,950000
3,1220,457000
5,4390,1510000
4,3560,882566
4,3530,963000
4,2280,345000
4,4350,2065000
3,3830,800000
3,2050,314500
3,3660,530000
4,3350,650000
3,1270,349500
4,3400,1198000
3,1200,165050
3,2200,580000
3,1680,330000
5,3840,875000
2,950,500000
4,2280,445000
4,1970,274900
3,1620,219950
4,2600,691500
2,1250,459500
4,2130,955500
4,2550,328950
3,1150,307000
3,1040,382500
4,3340,1150000
6,2630,1297000
3,1640,478000
2,770,260000
4,4350,850000
4,1700,616000
3,2050,540000
3,1660,300000
3,1990,507500
5,7050,3800000
3,1770,241000
3,2440,485000
3,2620,695000
4,2440,548000
2,1080,345000
3,1090,280000
3,1400,450000
3,2010,515000
3,1640,1014250
5,3290,739900
2,2510,600000
2,860,370000
4,2840,729032
3,1750,510000
3,1300,425000
3,3890,1080000
3,1460,337000
4,1410,563000
4,3770,1695000
3,1190,245000
3,1410,590000
3,2500,695000
2,800,402500
3,2530,435000
3,2570,660000
3,2090,300000
5,2980,600000
3,1170,205000
3,2080,357500
5,3350,1110000
2,1050,332888
2,900,174000
2,1050,515000
5,3740,392000
4,1430,485000
3,1400,217500
3,1600,502000
3,2880,820000
3,3140,1640000
2,820,102500
5,5190,925000
4,2180,540000
2,910,600000
4,1580,406000
4,2130,620000
4,4570,1060000
3,1240,401000
3,1860,725000
1,370,276000
5,3130,500000
3,2530,375000
4,3970,2300000
3,1920,260000
4,2970,1565000
4,2300,431000
4,1830,321000
4,1550,433000
4,4080,920000
3,1710,482000
3,2375,712000
4,2200,505000
3,3530,2367000
3,1110,452000
4,1630,581000
4,2550,952500
4,2500,808000
4,2890,476000
4,1420,535000
4,4270,1356925
3,2390,629800
4,2530,417838
4,2701,399895
4,3990,825000
4,2303,300000
2,1540,640000
3,1450,460000
2,1160,525000
4,2910,499990
4,3770,1020000
5,2900,675000
3,1540,512031
2,700,310000
3,3280,1075000
4,2430,255000
3,1900,435000
3,1660,453000
4,1620,260000
4,2090,659000
3,1110,223000
5,3760,851000
3,2080,605000
4,1950,895000
5,2570,519000
3,2330,535000
3,3700,489000
3,1920,250000
3,1900,580000
4,1440,1038000
4,2940,605000
4,2500,599950
3,2490,700000
3,1470,480000
4,2120,329950
3,1200,250000
5,2450,345000
4,1780,175000
5,1590,185000
4,2370,411000
3,1760,690000
4,1940,265000
4,3550,720000
4,2050,256000
4,1680,255000
3,1320,540000
3,1550,481015
3,2680,575000
3,2390,339950
4,2040,475000
3,2670,732000
4,1880,860000
4,2400,389000
3,2270,645000
4,1850,475000
4,2160,550000
2,2160,305000
2,1570,782000
3,1340,545000
4,3002,394500
5,2190,600000
4,2610,1300000
2,1010,300000
4,2105,330000
4,2430,723000
4,4040,2271150
5,2160,480000
2,900,496000
3,1820,625000
4,2100,475000
3,1520,275250
2,1310,253000
4,2190,630000
5,2950,660500
5,1870,262000
3,4660,2147500
3,1840,552000
2,3180,1411600
2,1500,736000
3,1730,355000
3,1580,305000
4,1540,484998
4,3390,1054690
2,830,334500
4,2620,475000
3,2242,309780
4,2890,795000
3,1450,274500
2,800,265050
3,2280,567500
3,3850,915000
5,2270,285000
3,2250,445838
4,2600,304900
4,2490,940000
4,3160,1127000
4,4930,835000
3,1440,290000
3,1770,250000
4,2300,342000
4,2980,1012000
4,2230,400000
3,1830,312500
3,1740,267000
3,1530,575000
3,1520,810000
3,3230,850000
3,3620,1015000
4,5070,1100000
3,1570,240000
4,2080,198000
4,2230,565000
5,3420,1195000
8,2790,340000
4,3150,815000
4,3930,1875000
5,2190,588000
4,1890,280500
4,1900,390000
2,1930,509000
3,3316,490600
3,1380,650000
3,2080,715000
3,1240,529950
3,1020,265000
3,2360,1755000
3,2780,1140000
3,2300,610000
4,2020,554729
5,1840,395000
3,1390,341000
4,2060,264500
4,2640,395000
3,1980,640000
3,1810,430000
4,1700,410000
4,1200,220000
4,2980,1625000
2,1350,405500
4,2360,633000
2,1190,295950
4,4110,1042031
4,2800,605000
2,920,255000
3,1530,474000
2,860,370000
3,1520,288000
2,660,100000
5,3580,1150000
5,3000,600000
5,2740,515000
4,2040,345000
6,2520,975000
3,2470,850000
3,1930,439990
3,2950,554950
3,2610,605000
3,1630,609000
3,1400,425000
2,1410,399900
4,4370,1025000
4,5010,2351956
4,2590,519995
3,1300,625000
3,2320,600000
4,2700,1200000
4,2920,1738000
4,3130,671000
3,1470,459500
3,1540,499000
4,3160,1280000
3,1480,395000
5,3595,861990
2,1190,382500
4,2340,404950
3,1320,530000
2,1190,195000
4,2350,747500
3,1100,199990
4,1660,548800
4,3040,870000
3,1860,588000
4,4100,775000
6,4050,670000
2,1240,445000
4,2200,300000
3,1680,480000
3,930,300000
3,1800,360000
6,3000,527000
3,1820,875000
4,1995,266000
4,3990,866000
2,800,335950
3,960,215000
4,2286,481000
3,2220,320000
3,1940,295000
3,1640,295000
3,1120,320000
4,2600,780000
3,1490,437500
5,1650,443000
4,2400,575000
2,1500,245000
3,1990,450000
2,1130,536000
3,2030,685000
4,1590,373000
3,1480,450000
4,2690,645000
3,3870,1275000
3,1390,230000
3,1830,593000
2,1580,558000
3,2590,538250
5,2510,475000
3,1180,209950
3,1450,410000
3,3110,1636000
5,2860,670000
3,2760,821000
5,2800,665000
3,1450,339000
4,2530,631500
3,1640,570000
3,2220,437000
3,2040,542500
3,1230,229500
2,1060,170500
3,1920,391500
3,1520,296475
4,3770,1450000
3,3540,888550
4,5430,1360000
3,2250,328000
4,2090,300000
3,1720,500000
3,1910,494815
3,1601,378000
2,1060,505000
4,2330,680000
3,2370,351999
3,1420,510000
4,2360,1300000
2,1260,374000
3,3030,509900
3,1140,230000
5,2820,527700
2,1270,438000
3,3180,900000
3,2790,1131000
4,2570,439000
2,1080,315000
4,3010,765000
3,2120,332000
3,1900,600000
3,2860,378500
3,910,190000
4,2850,645000
2,2560,780000
3,1570,370000
4,3110,875000
4,4740,1049000
3,1340,479000
4,2600,245000
3,1070,542000
3,1820,557500
2,1060,480000
3,2220,330000
3,1350,160000
5,2510,695500
5,2340,235500
3,1060,326500
4,2200,300000
3,1400,267000
3,1520,292600
5,1810,362000
2,2360,1087500
2,1210,357562
3,3420,789900
3,1810,513000
3,2760,336000
4,1950,560000
3,3830,1150000
4,2060,410000
3,1650,371500
4,2100,368000
4,3720,650000
4,1920,308950
3,1860,440000
2,2290,630000
3,1200,228950
4,5270,782000
3,1600,245000
4,2560,410000
2,880,427550
2,1020,235000
3,960,210000
4,1900,485000
3,1320,410000
4,2230,435000
3,1150,300000
4,3440,455000
3,1070,210000
4,2250,1050000
4,1910,458400
3,1180,390000
3,1400,148226
4,3580,711600
3,3176,819000
2,1170,613000
2,1570,592350
3,1460,232000
3,1140,250000
1,1150,115000
4,3180,1115000
4,2630,585000
3,1940,580000
1,850,165000
3,1550,430000
3,2090,383000
4,3960,1195000
3,1320,201500
4,3220,690000
2,800,325000
3,1660,375000
4,2250,600000
3,2120,340000
4,2310,890000
4,1920,415000
3,1550,255000
2,1785,530000
3,1830,468000
5,3500,970000
3,2560,599000
4,1360,399500
4,6500,2458000
4,3150,1205000
2,810,325000
5,7320,1135250
4,2790,568000
2,1920,517000
4,2530,469950
3,3490,1675000
6,4710,2180000
3,2050,623000
4,2410,720000
3,1180,205000
2,630,148000
3,3480,950000
3,1010,405000
3,1910,293000
3,2490,550000
4,2150,435000
4,3000,355000
3,2830,673000
4,2680,449990
2,1090,249000
4,1984,380000
4,3090,760005
4,2610,674600
4,3370,812000
4,2250,333490
3,1450,320000
4,3130,999000
2,2700,810000
5,1970,399950
3,1970,550000
3,1950,290000
3,1940,232500
4,3550,1355000
3,2500,565000
4,2910,749950
4,3350,720500
3,2140,507000
5,4030,989000
4,1980,463000
3,1460,310000
4,1880,284000
3,2320,737500
3,2220,569000
3,1410,700000
3,1240,660000
4,2030,275000
6,4000,570000
3,490,150000
3,1590,356000
3,2630,610000
2,1350,498800
3,990,226550
4,3710,692500
3,990,250000
4,2510,660000
2,800,295000
4,1600,154950
5,3320,409124
5,1730,287000
4,2000,810000
4,2910,525000
4,1710,525000
3,1200,275000
3,2600,583000
2,1460,237950
4,4260,1065000
4,2100,679000
6,4230,1465000
3,1660,410000
3,1450,306000
4,1860,215000
4,2720,594950
4,2920,1250000
3,1800,305000
2,1320,425000
3,1770,215000
5,2550,480000
4,2150,550000
4,3020,750000
3,960,137124
3,2783,840000
3,2250,624800
3,1710,630000
3,2650,590000
3,1830,599950
3,1460,299880
3,1760,400000
3,1960,560000
4,2010,229000
4,3670,525000
2,2290,737000
3,1780,680000
4,3080,635000
4,3360,740000
3,1370,335500
4,1660,270000
4,4440,1037000
5,2850,450000
3,1530,379000
4,2100,468000
1,730,321500
3,1920,443000
3,1600,340000
4,2380,470000
3,2760,545000
4,1840,415000
7,2580,599000
4,2100,759000
4,1820,300000
5,4830,1681000
3,1550,359000
4,1440,550000
2,930,395000
4,3560,486000
2,840,187000
4,4280,734950
3,1500,284000
4,3650,696000
2,780,380000
4,1600,625000
4,1120,252000
2,1010,560000
4,1970,395000
4,2230,900000
5,4290,2680000
3,3160,625000
3,1850,580000
3,1980,309000
4,3360,412000
3,2660,495000
3,1200,215000
2,2150,741500
3,2820,749000
4,3510,659950
3,1790,530000
4,2700,749000
5,5780,2321000
4,3730,595000
4,2540,487000
4,3300,760000
5,5430,1240000
4,2550,435000
3,1390,374950
3,1270,440000
4,2380,360000
4,3360,879000
5,6070,1550000
2,1240,505000
2,2930,545000
2,2410,600000
6,2980,775000
2,1950,725000
4,2600,610000
4,1170,350000
3,1470,410000
4,1840,639000
4,1560,439000
4,1520,499950
3,2220,800000
4,2800,350000
2,670,279000
3,1720,290256
3,2110,355000
3,1580,263000
6,2640,880000
4,2700,426500
3,2820,735000
4,3340,720000
3,1530,265000
4,3840,840000
3,2320,657500
5,2310,850000
3,1770,436110
2,3160,589900
3,1620,620000
4,1510,254000
3,960,375000
4,1740,455000
4,1470,445000
4,2460,568500
3,1170,352500
2,1210,342500
3,1870,299950
3,1950,425000
4,2570,561000
3,1460,455500
3,2970,400000
4,2040,443500
5,3240,1234582
4,3150,370000
3,1820,475000
4,2130,580000
3,1430,518000
3,2030,525000
4,2000,236000
4,1940,278500
2,880,205425
3,950,248000
3,1670,505000
3,2670,657500
3,2700,670000
1,590,202000
4,2160,440000
4,2700,690000
6,3206,375000
3,1560,291000
3,1400,230000
4,3090,850000
4,2630,84350
3,2190,12899000
4,2100,2110000
4,1120,2199900
4,3260,188000
3,1180,26590000
2,780,7800
4,2200,237227.8571
3,1340,117833.3333
3,1490,0
4,2800,744312.5
4,2600,0
6,3200,0
5,3480,0
3,3020,439333.3333
3,1970,280000
5,1500,0
4,3680,0
3,1570,176225
3,2280,500324
3,1600,444845
3,1680,330000
3,1890,292285.7143
2,520,160000
3,1780,274333.3333
4,2920,537500
3,2430,232333.3333
3,3010,237333.3333
3,1620,346750
2,2200,0
3,2950,1020000
4,2170,0
3,1770,254000
3,1830,238750
4,2380,268971.875
4,2550,642000
3,3720,571986.1111
5,4630,0
5,4430,0
3,1490,554250
4,5030,0
4,2180,0
4,1590,107500
3,1510,300000
4,4210,0
3,1640,540833.3333
4,1840,274750
3,1040,148612.5
3,1250,326428.5714
5,3690,0
4,1530,135333.3333
4,2110,577437.5
3,2150,440825
5,5340,195000
4,2420,257500
4,5010,692000
2,910,176400
3,2200,193000
4,3430,646212.5
4,1860,268971.875
4,3300,0
3,1280,317061.875
3,1490,83300
5,2880,0
4,1310,266066.6667
4,1980,342246.4286
5,2000,0
3,1860,0
4,1990,0
4,1720,240015.3333
3,1370,83300
4,4060,316850
4,1960,259585.5714
4,1720,328211.9048
4,2740,673476.8182
4,1360,0
3,1870,425000
2,720,127160
3,2180,341750
3,1430,178650
2,780,87500
3,1180,282508.8889
3,1300,450385.7143
4,4260,435000
2,2050,532500
3,2930,408900
2,1500,156766.6667
5,5960,452500
2,810,308830.7692
4,2320,484991.6667
2,1090,287919.7826
2,1000,247875
3,2260,309487.5
4,1290,173666.6667
3,2120,237481.25
3,1490,326983.3333
4,2310,790000
1,720,0
3,1840,678333.3333
5,2910,542804.75
4,3270,723243.75
5,3040,667781.25
3,1200,108333.3333
5,2740,0
4,2290,535000
4,2580,596165.4286
3,1590,269187.5
3,1040,148612.5
3,1300,0
5,2090,0
5,2670,341166.6667
4,1540,132500
4,3370,557125
3,1730,228944.4444
3,1640,592105.7143
4,2980,535000
3,1330,420642.8571
4,2192,132250
4,2068,237227.8571
3,1980,440825
3,1710,2560498.333
2,890,423050.9259
4,4280,1337044.2
3,3080,315368.7
4,2070,417985.7143
4,3010,723243.75
4,2030,259950
4,4060,0
3,2340,237333.3333
3,2340,426090
2,1470,458663.8889
4,3700,812650
4,1200,135333.3333
5,2910,0
5,1910,0
3,2880,0
5,3240,0
3,1590,387884.6154
5,3690,437500
3,2480,641633.3333
4,2683,681965.7813
2,1100,229629.5
4,2080,0
3,2210,210614.2857
4,2420,790000
3,1240,435500
3,2300,738190.8571
3,1760,497333.3333
3,2020,300000
4,2500,1036200
2,760,163785.7143
4,1580,351250
3,2670,645325
3,1140,171224.8
5,3870,0
3,2750,540000
3,1570,233166.6667
3,1160,329333.3333
3,2110,225279.4286
3,1270,331366.6667
4,3250,460886.9231
2,940,337945.75
4,2310,0
3,1130,243069.2308
6,3020,0
4,3210,690408.6207
3,2650,592105.7143
3,1150,220083.3333
3,3910,280000
4,3490,297857.1429
5,3330,950833.3333
4,1940,323833.3333
3,1800,309000
3,1880,248400
4,2870,994500
4,1960,0
4,1810,0
2,1490,0
3,5230,0
5,3390,288500
2,880,379509.1667
2,2550,180785.7143
4,3160,950100
4,4550,0
5,3831,542500
2,1240,362750
4,2520,234975
4,2420,672500
4,1250,391400
3,1310,0
3,1410,198995
3,990,278900
3,1000,171758.3333
3,2000,325187.5
2,1120,190368.75
5,3370,375000
3,2210,216000
5,2640,0
3,1150,360500
4,2150,677099.5652
4,4230,405125
3,1570,289987.5
3,1630,264270
4,2770,602761
3,1750,251555.5556
3,1090,214750
2,930,258125
4,2100,0
4,2540,677099.5652
2,810,0
2,1520,0
1,690,167500
4,2370,471500
4,3500,0
2,840,464600
4,1830,132250
3,1370,433111.1111
5,2520,542500
2,2130,0
4,2590,368112.5
4,1820,673476.8182
3,1530,558653.8462
4,4080,0
2,1050,168333.3333
4,1954,268971.875
2,1530,318000
4,1660,550607.1429
6,3830,1288333.333
3,1490,584000
3,1520,0
5,8020,0
3,2470,245000
2,870,287919.7826
4,2110,672500
2,1990,454790
3,1560,282508.8889
3,1740,473200
2,1290,406062.5
4,1700,282766.6667
3,1880,486445.8333
3,1890,486895
3,1620,430277.7778
2,770,229629.5
4,2890,0
3,1040,182805
4,2620,380680.5556
3,1880,396166.6667
4,2530,252980
3,2538,289373.3077
3,1610,210614.2857
3,1510,308166.6667
3,1460,534333.3333
3,3010,416904.1667
4,2090,203400
3,1490,220600
